INSERT INTO dbo.Categoria VALUES (1, 'RPG')
INSERT INTO dbo.Categoria VALUES (2, 'Corrida')
INSERT INTO dbo.Categoria VALUES (3, 'Aventura')
INSERT INTO dbo.Categoria VALUES (4, 'Luta')
INSERT INTO dbo.Categoria VALUES (5, 'Esporte')

<<<<<<< HEAD
INSERT INTO Selo VALUES (1, 'Ouro')
INSERT INTO Selo VALUES (2, 'Prata')
INSERT INTO Selo VALUES (3, 'Bronze')

INSERT INTO dbo.Jogo(Nome, Preco, Descricao, IdCategoria, IdSelo, Imagem, Video, IdClienteLocacao) VALUES ('Chrono Trigger',60,'Jogo RPG antigão que faz sucesso com os old',1,1,null,null, null)
INSERT INTO dbo.Jogo(Nome, Preco, Descricao, IdCategoria, IdSelo, Imagem, Video, IdClienteLocacao) VALUES ('Top Gear',20,'Jogo de corrida maneiro',1,1,null,null,null)
INSERT INTO dbo.Jogo(Nome, Preco, Descricao, IdCategoria, IdSelo, Imagem, Video, IdClienteLocacao) VALUES ('Megaman X',40,'Jogo de plataforma em que o cara tem um canhão no braço',1,1,null,null, null)
INSERT INTO dbo.Jogo(Nome, Preco, Descricao, IdCategoria, IdSelo, Imagem, Video, IdClienteLocacao) VALUES ('Super Metroid',35,'Jogo plataforma onde o nome da protagonista não é metroid ',3,1,null,null, null)
INSERT INTO dbo.Jogo(Nome, Preco, Descricao, IdCategoria, IdSelo, Imagem, Video, IdClienteLocacao) VALUES ('Donkey Kong Country',25,'Jogo mais maneiro que existe, onde um gorila e seu brother coletam bananas',3,1,null,null, null)
INSERT INTO dbo.Jogo(Nome, Preco, Descricao, IdCategoria, IdSelo, Imagem, Video, IdClienteLocacao) VALUES ('Super Mario Kart',40,'Jogo de corrida com animais e pessoas onde tomo mundo se agride',2,1,null,null, null)
INSERT INTO dbo.Jogo(Nome, Preco, Descricao, IdCategoria, IdSelo, Imagem, Video, IdClienteLocacao) VALUES ('Super Street Fighter',25,'Jogo de luta com pessoas normais',4,1,null,null, null)
INSERT INTO dbo.Jogo(Nome, Preco, Descricao, IdCategoria, IdSelo, Imagem, Video, IdClienteLocacao) VALUES ('Mortal Kombat 2',37,'Jogo de luta com sangue, violeincia e membros pracarai',4,1,null,null, null)
INSERT INTO dbo.Jogo(Nome, Preco, Descricao, IdCategoria, IdSelo, Imagem, Video, IdClienteLocacao) VALUES ('Killer Instinct',18,'Jogo de luta com pessoas meio loucas',4,1,null,null, null)
INSERT INTO dbo.Jogo(Nome, Preco, Descricao, IdCategoria, IdSelo, Imagem, Video, IdClienteLocacao) VALUES ('Final Fight',12,'Jogo de luta beat-em-up side-scrolling',3,1,null,null, null)
INSERT INTO dbo.Jogo(Nome, Preco, Descricao, IdCategoria, IdSelo, Imagem, Video, IdClienteLocacao) VALUES ('Super Mario 1',70,'Jogo classico onde um encanador mata tartarugas',1,1,null,null, null)
INSERT INTO dbo.Jogo(Nome, Preco, Descricao, IdCategoria, IdSelo, Imagem, Video, IdClienteLocacao) VALUES ('Aladdin',16,'Jogo de plataforma do alladin da Disney',3,1,null,null, null)
INSERT INTO dbo.Jogo(Nome, Preco, Descricao, IdCategoria, IdSelo, Imagem, Video, IdClienteLocacao) VALUES ('Rock ''n Roll Racing',22,'Jogo de Corrida com musicas fodas',2,1,null,null, null)
INSERT INTO dbo.Jogo(Nome, Preco, Descricao, IdCategoria, IdSelo, Imagem, Video, IdClienteLocacao) VALUES ('Zelda: A link to the past',110,'Jogo mais foda demais(Só perde para o Ocarina)',3,1,null,null, null)
INSERT INTO dbo.Jogo(Nome, Preco, Descricao, IdCategoria, IdSelo, Imagem, Video, IdClienteLocacao) VALUES ('Final Fantasy VI',30.5,'Jogo com um historia fantastica e jogabilidade horrivel',1,1,null,null, null)
INSERT INTO dbo.Jogo(Nome, Preco, Descricao, IdCategoria, IdSelo, Imagem, Video, IdClienteLocacao) VALUES ('International Super Star Soccer Deluxe',45,'Joguinho de futebol legalzinho',5,1,null,null, null)
INSERT INTO dbo.Jogo(Nome, Preco, Descricao, IdCategoria, IdSelo, Imagem, Video, IdClienteLocacao) VALUES ('Contra III',28,'Jogo de tiro muto loko',3,1,null,null, null)
INSERT INTO dbo.Jogo(Nome, Preco, Descricao, IdCategoria, IdSelo, Imagem, Video, IdClienteLocacao) VALUES ('Sunset Riders',37.9,'Jogo de plataforma ambientado no faroeste',3,1,null,null, null)
INSERT INTO dbo.Jogo(Nome, Preco, Descricao, IdCategoria, IdSelo, Imagem, Video, IdClienteLocacao) VALUES ('Goof Troop',41.9,'Jogo da Disney com o pateta',3,1,null,null, null)
INSERT INTO dbo.Jogo(Nome, Preco, Descricao, IdCategoria, IdSelo, Imagem, Video, IdClienteLocacao) VALUES ('Mickey to Donald: Magical Adventure 3',32.9,'Jogo da Disney com o mickey',3,1,null,null, null)
=======
GO

INSERT INTO dbo.Jogo VALUES ('Chrono Trigger',60,1, null)
INSERT INTO dbo.Jogo VALUES ('Top Gear',20,2, null)
INSERT INTO dbo.Jogo VALUES ('Megaman X',40,3, null)
INSERT INTO dbo.Jogo VALUES ('Super Metroid',35,3, null)
INSERT INTO dbo.Jogo VALUES ('Donkey Kong Country',25,3, null)
INSERT INTO dbo.Jogo VALUES ('Super Mario Kart',40,2, null)
INSERT INTO dbo.Jogo VALUES ('Super Street Fighter',25,4, null)
INSERT INTO dbo.Jogo VALUES ('Mortal Kombat 2',37,4, null)
INSERT INTO dbo.Jogo VALUES ('Killer Instinct',18,4, null)
INSERT INTO dbo.Jogo VALUES ('Final Fight',12,3, null)
INSERT INTO dbo.Jogo VALUES ('Super Mario 1',70,1, null)
INSERT INTO dbo.Jogo VALUES ('Aladdin',16,3, null)
INSERT INTO dbo.Jogo VALUES ('Rock ''n Roll Racing',22,2, null)
INSERT INTO dbo.Jogo VALUES ('Zelda: A link to the past',110,3, null)
INSERT INTO dbo.Jogo VALUES ('Final Fantasy VI',30.5,1, null)
INSERT INTO dbo.Jogo VALUES ('International Super Star Soccer Deluxe',45,5, null)
INSERT INTO dbo.Jogo VALUES ('Contra III',28,3, null)
INSERT INTO dbo.Jogo VALUES ('Sunset Riders',37.9,3, null)
INSERT INTO dbo.Jogo VALUES ('Goof Troop',41.9,3, null)
INSERT INTO dbo.Jogo VALUES ('Mickey to Donald: Magical Adventure 3',32.9,3, null)
>>>>>>> 196bc442c1d9dea6c1835e05199b10a9db08b196
