INSERT INTO dbo.Categoria VALUES (1, 'RPG')
INSERT INTO dbo.Categoria VALUES (2, 'Corrida')
INSERT INTO dbo.Categoria VALUES (3, 'Aventura')
INSERT INTO dbo.Categoria VALUES (4, 'Luta')
INSERT INTO dbo.Categoria VALUES (5, 'Esporte')

INSERT INTO Selo VALUES (1, 'Ouro')
INSERT INTO Selo VALUES (2, 'Prata')
INSERT INTO Selo VALUES (3, 'Bronze')

INSERT INTO dbo.Jogo(Nome,Descricao, IdCategoria, IdSelo, UrlImagem, TagVideo, IdClienteLocacao) VALUES ('Chrono Trigger','Jogo RPG antigão que faz sucesso com os old',1,1,null,null, null)
INSERT INTO dbo.Jogo(Nome,Descricao, IdCategoria, IdSelo, UrlImagem, TagVideo, IdClienteLocacao) VALUES ('Top Gear','Jogo de corrida maneiro',1,1,null,null,null)
INSERT INTO dbo.Jogo(Nome,Descricao, IdCategoria, IdSelo, UrlImagem, TagVideo, IdClienteLocacao) VALUES ('Megaman X','Jogo de plataforma em que o cara tem um canhão no braço',1,1,null,null, null)
INSERT INTO dbo.Jogo(Nome,Descricao, IdCategoria, IdSelo, UrlImagem, TagVideo, IdClienteLocacao) VALUES ('Super Metroid','Jogo plataforma onde o nome da protagonista não é metroid ',3,1,null,null, null)
INSERT INTO dbo.Jogo(Nome,Descricao, IdCategoria, IdSelo, UrlImagem, TagVideo, IdClienteLocacao) VALUES ('Donkey Kong Country','Jogo mais maneiro que existe, onde um gorila e seu brother coletam bananas',3,1,null,null, null)
INSERT INTO dbo.Jogo(Nome,Descricao, IdCategoria, IdSelo, UrlImagem, TagVideo, IdClienteLocacao) VALUES ('Super Mario Kart','Jogo de corrida com animais e pessoas onde tomo mundo se agride',2,1,null,null, null)
INSERT INTO dbo.Jogo(Nome,Descricao, IdCategoria, IdSelo, UrlImagem, TagVideo, IdClienteLocacao) VALUES ('Super Street Fighter','Jogo de luta com pessoas normais',4,1,null,null, null)
INSERT INTO dbo.Jogo(Nome,Descricao, IdCategoria, IdSelo, UrlImagem, TagVideo, IdClienteLocacao) VALUES ('Mortal Kombat 2','Jogo de luta com sangue, violeincia e membros pracarai',4,1,null,null, null)
INSERT INTO dbo.Jogo(Nome,Descricao, IdCategoria, IdSelo, UrlImagem, TagVideo, IdClienteLocacao) VALUES ('Killer Instinct','Jogo de luta com pessoas meio loucas',4,1,null,null, null)
INSERT INTO dbo.Jogo(Nome,Descricao, IdCategoria, IdSelo, UrlImagem, TagVideo, IdClienteLocacao) VALUES ('Final Fight','Jogo de luta beat-em-up side-scrolling',3,1,null,null, null)
INSERT INTO dbo.Jogo(Nome,Descricao, IdCategoria, IdSelo, UrlImagem, TagVideo, IdClienteLocacao) VALUES ('Super Mario 1','Jogo classico onde um encanador mata tartarugas',1,1,null,null, null)
INSERT INTO dbo.Jogo(Nome,Descricao, IdCategoria, IdSelo, UrlImagem, TagVideo, IdClienteLocacao) VALUES ('Aladdin','Jogo de plataforma do alladin da Disney',3,1,null,null, null)
INSERT INTO dbo.Jogo(Nome,Descricao, IdCategoria, IdSelo, UrlImagem, TagVideo, IdClienteLocacao) VALUES ('Rock ''n Roll Racing','Jogo de Corrida com musicas fodas',2,1,null,null, null)
INSERT INTO dbo.Jogo(Nome,Descricao, IdCategoria, IdSelo, UrlImagem, TagVideo, IdClienteLocacao) VALUES ('Zelda: A link to the past','Jogo mais foda demais(Só perde para o Ocarina)',3,1,null,null, null)
INSERT INTO dbo.Jogo(Nome,Descricao, IdCategoria, IdSelo, UrlImagem, TagVideo, IdClienteLocacao) VALUES ('Final Fantasy VI','Jogo com um historia fantastica e jogabilidade horrivel',1,1,null,null, null)
INSERT INTO dbo.Jogo(Nome,Descricao, IdCategoria, IdSelo, UrlImagem, TagVideo, IdClienteLocacao) VALUES ('International Super Star Soccer Deluxe','Joguinho de futebol legalzinho',5,1,null,null, null)
INSERT INTO dbo.Jogo(Nome,Descricao, IdCategoria, IdSelo, UrlImagem, TagVideo, IdClienteLocacao) VALUES ('Contra III','Jogo de tiro muto loko',3,1,null,null, null)
INSERT INTO dbo.Jogo(Nome,Descricao, IdCategoria, IdSelo, UrlImagem, TagVideo, IdClienteLocacao) VALUES ('Sunset Riders','Jogo de plataforma ambientado no faroeste',3,1,null,null, null)
INSERT INTO dbo.Jogo(Nome,Descricao, IdCategoria, IdSelo, UrlImagem, TagVideo, IdClienteLocacao) VALUES ('Goof Troop','Jogo da Disney com o pateta',3,1,null,null, null)
INSERT INTO dbo.Jogo(Nome,Descricao, IdCategoria, IdSelo, UrlImagem, TagVideo, IdClienteLocacao) VALUES ('Mickey to Donald: Magical Adventure 3','Jogo da Disney com o mickey',3,1,null,null, null)